{"cameraMode":{"drawMode":0,"name":"Shaded","section":"Shading Mode"},"sceneLighting":true,"audioPlay":false,"sceneViewState":{"m_AlwaysRefresh":false,"showFog":true,"showSkybox":true,"showFlares":true,"showImageEffects":true,"showParticleSystems":true,"showVisualEffectGraphs":true,"m_FxEnabled":true},"in2DMode":false,"pivot":{"x":137.23606872558595,"y":-10.618091583251954,"z":-104.01301574707031},"rotation":{"x":-0.019562389701604844,"y":0.9796429872512817,"z":-0.1199236735701561,"w":-0.15980279445648194},"size":9.138955116271973,"orthographic":false}